JobTitle,Company,Location,Salary,Experience,Skills,RemoteStatus,PostingDate
Analytics Engineer,TechNova,Bangalore,1653556,3-5 Years,"Power BI, Python, AWS, LLM",On-site,19-04-2026
Data Analyst,TechNova,Bangalore,1417034,3-5 Years,"AWS, Tableau, RAG",Hybrid,26-02-2026
AI Engineer,InsightIQ,Pune,527257,3-5 Years,"Machine Learning, Excel, Power BI, Tableau, Statistics, AWS",Remote,24-01-2026
AI Engineer,TechNova,Pune,1942654,6-10 Years,"Azure, AWS, Python",Hybrid,21-01-2026
ML Engineer,AI Labs,Chennai,3094259,6-10 Years,"Python, SQL, Tableau, Excel",Remote,01-03-2026
Data Analyst,CloudEdge,Pune,2401740,6-10 Years,"Machine Learning, RAG, Tableau, Excel",On-site,24-06-2026
Analytics Engineer,TechNova,Mumbai,3163291,3-5 Years,"Power BI, Azure, Statistics, Excel",On-site,26-06-2026
ML Engineer,DataWorks,Chennai,1860140,0-2 Years,"SQL, Machine Learning, Statistics, Excel",Remote,24-02-2026
ML Engineer,NextGen Analytics,Pune,1391820,10+ Years,"RAG, Azure, Power BI, Excel, Python, Statistics",On-site,24-05-2026
ML Engineer,AI Labs,Chennai,2951931,10+ Years,"Machine Learning, Tableau, Power BI, Azure, SQL, Statistics",Remote,09-02-2026
Analytics Engineer,DataWorks,Chennai,2270667,0-2 Years,"Statistics, LLM, Azure, Excel, AWS, SQL",On-site,30-01-2026
Analytics Engineer,InsightIQ,Pune,3188388,6-10 Years,"Excel, Statistics, Power BI",Hybrid,01-01-2026
Analytics Engineer,NextGen Analytics,Pune,2599610,3-5 Years,"RAG, Excel, AWS",On-site,20-02-2026
Business Analyst,AI Labs,Hyderabad,2762319,0-2 Years,"Azure, SQL, Python, Machine Learning, Statistics",Hybrid,03-03-2026
Data Analyst,DataWorks,Mumbai,830331,0-2 Years,"Python, AWS, Power BI, LLM, Machine Learning, Tableau",On-site,12-02-2026
Data Scientist,InsightIQ,Mumbai,2274769,3-5 Years,"Excel, Statistics, Machine Learning, Azure",On-site,26-04-2026
Data Analyst,DataWorks,Hyderabad,768544,6-10 Years,"LLM, AWS, Tableau",On-site,26-02-2026
Data Analyst,TechNova,Chennai,3147037,0-2 Years,"Python, SQL, Machine Learning, RAG",On-site,02-03-2026
Data Scientist,NextGen Analytics,Delhi,1398574,3-5 Years,"Tableau, Azure, Statistics, RAG, SQL, AWS",On-site,21-04-2026
Data Scientist,CloudEdge,Delhi,2458843,0-2 Years,"SQL, Statistics, Machine Learning",Remote,05-03-2026
Business Analyst,DataWorks,Mumbai,2381621,3-5 Years,"Power BI, Excel, Azure, Tableau, Statistics, SQL",Hybrid,21-05-2026
Data Analyst,TechNova,Chennai,2767390,0-2 Years,"Tableau, Power BI, Statistics",Hybrid,04-05-2026
Business Analyst,QuantSpark,Delhi,745934,3-5 Years,"SQL, Statistics, Excel, Azure, Power BI, Tableau",On-site,23-05-2026
Analytics Engineer,NextGen Analytics,Delhi,1149264,3-5 Years,"Tableau, SQL, AWS, LLM, Machine Learning",Hybrid,15-01-2026
Data Analyst,InsightIQ,Delhi,2609107,3-5 Years,"AWS, Python, Power BI",Remote,02-06-2026
Data Analyst,NextGen Analytics,Hyderabad,2193557,0-2 Years,"LLM, RAG, SQL, Python",Hybrid,18-06-2026
ML Engineer,InsightIQ,Mumbai,1826951,6-10 Years,"RAG, Machine Learning, Tableau, Excel",Hybrid,03-02-2026
Analytics Engineer,NextGen Analytics,Pune,2417738,6-10 Years,"SQL, Azure, Python",Remote,18-05-2026
Business Analyst,InsightIQ,Pune,1055563,6-10 Years,"Tableau, Machine Learning, Excel",Remote,23-04-2026
ML Engineer,NextGen Analytics,Pune,3065562,0-2 Years,"RAG, Python, Power BI, Excel, SQL",Remote,22-05-2026
Business Analyst,AI Labs,Pune,3036840,3-5 Years,"Tableau, Excel, AWS, Azure, Power BI",Remote,24-01-2026
Analytics Engineer,CloudEdge,Pune,684913,0-2 Years,"Power BI, Excel, RAG, Azure, LLM",On-site,20-04-2026
ML Engineer,TechNova,Bangalore,815595,3-5 Years,"Machine Learning, LLM, AWS",Remote,21-04-2026
Business Analyst,TechNova,Pune,2029459,0-2 Years,"Tableau, RAG, Python, Machine Learning, Statistics",On-site,15-04-2026
ML Engineer,NextGen Analytics,Hyderabad,1492948,3-5 Years,"Statistics, SQL, Power BI, Machine Learning",Hybrid,21-06-2026
Analytics Engineer,QuantSpark,Hyderabad,1619064,3-5 Years,"Statistics, SQL, Azure",Remote,21-02-2026
AI Engineer,AI Labs,Pune,1454604,3-5 Years,"RAG, Tableau, Statistics",Hybrid,13-03-2026
Data Analyst,QuantSpark,Pune,1972813,10+ Years,"SQL, Python, Excel, Power BI, AWS",Hybrid,10-01-2026
Data Analyst,InsightIQ,Delhi,1949916,6-10 Years,"LLM, AWS, Python, Statistics, Excel, RAG",Hybrid,12-01-2026
Analytics Engineer,CloudEdge,Bangalore,2680703,3-5 Years,"Statistics, Python, Machine Learning, AWS, Azure",Remote,18-03-2026
ML Engineer,AI Labs,Chennai,2212924,6-10 Years,"Excel, AWS, Power BI, Tableau, Azure, Machine Learning",Hybrid,23-06-2026
Analytics Engineer,DataWorks,Mumbai,2887000,6-10 Years,"AWS, SQL, Excel, RAG, Python, Tableau",On-site,05-06-2026
Analytics Engineer,AI Labs,Delhi,2352984,10+ Years,"AWS, Azure, Power BI, Python",Hybrid,12-05-2026
Analytics Engineer,NextGen Analytics,Mumbai,1905881,0-2 Years,"RAG, Excel, Tableau, AWS",Remote,07-01-2026
Data Analyst,DataWorks,Delhi,3063868,0-2 Years,"Statistics, LLM, Tableau, RAG, AWS, Azure",Remote,07-02-2026
Analytics Engineer,NextGen Analytics,Bangalore,947059,10+ Years,"Power BI, AWS, Azure, SQL",On-site,05-03-2026
Data Analyst,CloudEdge,Hyderabad,2448854,6-10 Years,"LLM, AWS, Statistics, Azure, Python, Machine Learning",Hybrid,26-04-2026
Data Scientist,QuantSpark,Hyderabad,3174545,6-10 Years,"RAG, Tableau, Excel, Azure, SQL, Machine Learning",Hybrid,02-03-2026
Data Scientist,AI Labs,Pune,2765562,0-2 Years,"Power BI, Tableau, Statistics, RAG",On-site,24-02-2026
Data Analyst,CloudEdge,Delhi,1887817,10+ Years,"SQL, Tableau, Statistics, AWS, Azure, Excel",On-site,06-01-2026
ML Engineer,CloudEdge,Delhi,524729,6-10 Years,"Statistics, RAG, AWS, Tableau, Azure",Remote,11-03-2026
AI Engineer,CloudEdge,Bangalore,2130985,6-10 Years,"Power BI, Azure, RAG, SQL, Tableau, Excel",On-site,19-06-2026
Data Analyst,TechNova,Chennai,2297732,3-5 Years,"Power BI, SQL, Excel, Statistics, RAG, Python",Hybrid,25-03-2026
Data Scientist,QuantSpark,Delhi,1667092,10+ Years,"Python, Azure, SQL, AWS, Power BI",Remote,16-06-2026
Data Analyst,QuantSpark,Chennai,668854,0-2 Years,"Tableau, SQL, Power BI, RAG",Remote,02-05-2026
Analytics Engineer,TechNova,Mumbai,1414209,10+ Years,"Machine Learning, Power BI, Python, LLM, Azure",Remote,29-05-2026
Data Analyst,AI Labs,Mumbai,3341000,10+ Years,"Tableau, Python, RAG, LLM, Machine Learning, Power BI",On-site,03-06-2026
Data Analyst,QuantSpark,Mumbai,672256,6-10 Years,"RAG, Machine Learning, Python, LLM, SQL, Tableau",Hybrid,28-01-2026
AI Engineer,AI Labs,Chennai,2428286,3-5 Years,"Power BI, AWS, Excel, Azure, Tableau, Statistics",On-site,01-06-2026
Data Scientist,AI Labs,Hyderabad,863490,6-10 Years,"Tableau, Azure, Statistics, Machine Learning, SQL, RAG",Hybrid,16-02-2026
AI Engineer,DataWorks,Pune,1583608,6-10 Years,"LLM, Excel, AWS, SQL, RAG",Remote,22-01-2026
Business Analyst,NextGen Analytics,Delhi,2549244,3-5 Years,"RAG, Azure, LLM, SQL, AWS, Power BI",Remote,14-04-2026
Analytics Engineer,DataWorks,Pune,3284850,6-10 Years,"AWS, RAG, Machine Learning, Statistics, LLM, Excel",Hybrid,01-04-2026
Analytics Engineer,CloudEdge,Pune,1786070,6-10 Years,"Python, Tableau, Machine Learning, RAG",On-site,18-05-2026
Analytics Engineer,DataWorks,Hyderabad,1407582,10+ Years,"LLM, AWS, Excel, Python, Statistics",Remote,17-03-2026
Business Analyst,AI Labs,Hyderabad,1767802,0-2 Years,"Excel, SQL, LLM, RAG",On-site,02-02-2026
Analytics Engineer,QuantSpark,Delhi,930283,0-2 Years,"Azure, RAG, LLM, Machine Learning, Python",Remote,06-03-2026
AI Engineer,TechNova,Bangalore,2180688,10+ Years,"LLM, SQL, Power BI",Remote,25-05-2026
Data Scientist,TechNova,Hyderabad,996821,10+ Years,"AWS, Statistics, Azure, RAG",Hybrid,31-05-2026
AI Engineer,AI Labs,Mumbai,3104777,0-2 Years,"Tableau, RAG, Excel",On-site,21-01-2026
Business Analyst,DataWorks,Hyderabad,2815223,0-2 Years,"SQL, Statistics, Azure, AWS",Hybrid,09-01-2026
Business Analyst,AI Labs,Chennai,1685806,10+ Years,"RAG, Tableau, Excel",On-site,31-05-2026
Analytics Engineer,QuantSpark,Hyderabad,2283162,0-2 Years,"RAG, Power BI, Excel, LLM",Remote,16-01-2026
Business Analyst,QuantSpark,Pune,2995795,6-10 Years,"Python, Azure, Excel, Statistics, Power BI, AWS",On-site,07-05-2026
AI Engineer,TechNova,Mumbai,667188,10+ Years,"LLM, Excel, SQL, Python, Azure",On-site,28-05-2026
ML Engineer,TechNova,Chennai,1630411,0-2 Years,"Azure, AWS, RAG, Excel",Remote,30-05-2026
AI Engineer,NextGen Analytics,Delhi,882698,10+ Years,"Statistics, Machine Learning, LLM, Python, RAG",Remote,26-03-2026
AI Engineer,NextGen Analytics,Delhi,1708873,10+ Years,"Azure, Python, Machine Learning",Hybrid,24-03-2026
Data Analyst,QuantSpark,Delhi,2658373,0-2 Years,"Statistics, SQL, Tableau, Machine Learning, Excel, AWS",On-site,24-04-2026
Data Analyst,DataWorks,Pune,2803594,3-5 Years,"Azure, RAG, Python, SQL, Machine Learning",On-site,03-03-2026
Analytics Engineer,DataWorks,Pune,2810386,0-2 Years,"Python, Tableau, RAG, Azure, SQL, Machine Learning",Remote,08-05-2026
Analytics Engineer,AI Labs,Mumbai,3458710,6-10 Years,"Azure, RAG, Tableau, LLM, Excel, Python",Hybrid,18-02-2026
ML Engineer,InsightIQ,Chennai,1072557,0-2 Years,"Statistics, Machine Learning, AWS, Excel, RAG",Remote,14-03-2026
Analytics Engineer,AI Labs,Mumbai,2932374,10+ Years,"Azure, AWS, RAG, Machine Learning",Hybrid,22-05-2026
ML Engineer,CloudEdge,Delhi,1849632,3-5 Years,"LLM, Statistics, Tableau, RAG",Remote,23-03-2026
Analytics Engineer,CloudEdge,Chennai,2098999,10+ Years,"Azure, SQL, Power BI, Machine Learning",Remote,23-04-2026
Data Analyst,InsightIQ,Delhi,564372,3-5 Years,"RAG, Power BI, Python, Azure, Statistics, LLM",Hybrid,09-06-2026
Analytics Engineer,CloudEdge,Chennai,836866,6-10 Years,"Machine Learning, Azure, AWS, SQL, Excel, LLM",Remote,11-06-2026
Analytics Engineer,AI Labs,Hyderabad,879078,10+ Years,"RAG, Python, Azure",Remote,27-06-2026
Data Scientist,TechNova,Bangalore,1860525,0-2 Years,"Machine Learning, RAG, Statistics, Power BI, Python",On-site,16-04-2026
ML Engineer,NextGen Analytics,Hyderabad,1212963,3-5 Years,"LLM, Statistics, Tableau",Hybrid,30-05-2026
Business Analyst,DataWorks,Delhi,3175565,6-10 Years,"Excel, SQL, Azure, RAG, Machine Learning, AWS",Remote,19-01-2026
AI Engineer,AI Labs,Mumbai,1754743,10+ Years,"Azure, Excel, Tableau, Statistics, RAG",Hybrid,28-01-2026
Business Analyst,CloudEdge,Mumbai,2005583,6-10 Years,"SQL, Statistics, Excel, RAG, AWS",On-site,13-01-2026
ML Engineer,NextGen Analytics,Delhi,1700385,3-5 Years,"Tableau, RAG, Excel, Power BI, Machine Learning",Remote,10-06-2026
Analytics Engineer,TechNova,Pune,2348946,0-2 Years,"Power BI, Python, Excel, Machine Learning, Azure",Hybrid,14-02-2026
Business Analyst,DataWorks,Mumbai,2034517,6-10 Years,"Excel, Azure, RAG, Machine Learning",Remote,30-04-2026
Data Analyst,DataWorks,Hyderabad,3336707,10+ Years,"Python, Statistics, SQL, Excel, Azure",Remote,27-04-2026
Data Scientist,NextGen Analytics,Chennai,3320001,6-10 Years,"RAG, Machine Learning, Python, Tableau, Azure, SQL",On-site,24-05-2026
Data Scientist,InsightIQ,Hyderabad,3216450,0-2 Years,"Excel, Statistics, Python, Power BI, SQL, LLM",Hybrid,07-05-2026
Data Analyst,TechNova,Hyderabad,2754633,3-5 Years,"Azure, Machine Learning, AWS, Statistics, Excel, LLM",On-site,09-02-2026
AI Engineer,NextGen Analytics,Bangalore,2552470,10+ Years,"SQL, Machine Learning, Tableau, Azure, AWS",Remote,03-04-2026
Data Analyst,NextGen Analytics,Pune,2783655,6-10 Years,"Statistics, Excel, Tableau",Remote,27-04-2026
Data Analyst,NextGen Analytics,Hyderabad,3191503,0-2 Years,"Machine Learning, Tableau, Power BI",On-site,22-02-2026
Data Analyst,QuantSpark,Mumbai,1368880,3-5 Years,"Machine Learning, Power BI, SQL, Excel",Remote,03-02-2026
ML Engineer,AI Labs,Hyderabad,961064,0-2 Years,"SQL, Machine Learning, Tableau, LLM",Remote,14-02-2026
Data Scientist,TechNova,Hyderabad,2265636,0-2 Years,"Azure, RAG, Machine Learning",On-site,01-06-2026
Data Analyst,CloudEdge,Mumbai,1429247,0-2 Years,"Azure, SQL, LLM, RAG, Statistics",Hybrid,20-04-2026
Analytics Engineer,TechNova,Delhi,3488027,10+ Years,"Python, Machine Learning, Power BI",Remote,02-02-2026
Data Scientist,InsightIQ,Chennai,2955197,6-10 Years,"LLM, AWS, Excel, Azure, RAG, Statistics",Hybrid,26-01-2026
Analytics Engineer,TechNova,Chennai,3230142,3-5 Years,"Azure, Tableau, Statistics, Machine Learning, AWS, LLM",Hybrid,17-04-2026
Analytics Engineer,TechNova,Pune,2289977,6-10 Years,"Machine Learning, Power BI, Azure, Python, SQL",Remote,24-01-2026
AI Engineer,TechNova,Chennai,2062994,3-5 Years,"LLM, AWS, RAG",Hybrid,21-06-2026
Data Analyst,CloudEdge,Pune,3290640,10+ Years,"Excel, LLM, RAG",Hybrid,27-01-2026
ML Engineer,InsightIQ,Hyderabad,1148985,10+ Years,"Python, Machine Learning, AWS, LLM",Remote,13-03-2026
ML Engineer,DataWorks,Delhi,2852860,0-2 Years,"SQL, Power BI, Excel, AWS, LLM",Hybrid,02-01-2026
Business Analyst,QuantSpark,Hyderabad,2875322,10+ Years,"Power BI, SQL, Python",On-site,16-05-2026
Business Analyst,CloudEdge,Delhi,2402728,6-10 Years,"Machine Learning, Excel, RAG, Python",Remote,09-02-2026
Business Analyst,QuantSpark,Mumbai,708719,0-2 Years,"Azure, Statistics, RAG, AWS, Tableau",Hybrid,25-02-2026
ML Engineer,TechNova,Pune,2303188,0-2 Years,"RAG, LLM, Azure, Excel, SQL",Remote,12-04-2026
ML Engineer,TechNova,Bangalore,1357412,6-10 Years,"Power BI, Excel, LLM, Machine Learning",Remote,02-01-2026
AI Engineer,NextGen Analytics,Delhi,1236917,3-5 Years,"AWS, Tableau, RAG, Machine Learning, SQL, LLM",On-site,11-01-2026
AI Engineer,TechNova,Delhi,826579,6-10 Years,"LLM, Statistics, RAG, Excel, SQL, Tableau",Remote,25-03-2026
Business Analyst,QuantSpark,Mumbai,2429786,6-10 Years,"Statistics, Python, Tableau",Hybrid,31-05-2026
AI Engineer,InsightIQ,Bangalore,2159965,6-10 Years,"Tableau, Machine Learning, Power BI, Python, Excel",On-site,30-01-2026
ML Engineer,InsightIQ,Hyderabad,1965386,6-10 Years,"Tableau, Python, Power BI, Excel",Remote,14-02-2026
ML Engineer,DataWorks,Chennai,816054,3-5 Years,"Azure, LLM, RAG, Machine Learning, Statistics, AWS",Hybrid,08-02-2026
AI Engineer,TechNova,Delhi,2354755,6-10 Years,"LLM, SQL, Machine Learning, Python, Power BI",Hybrid,26-04-2026
Data Analyst,TechNova,Pune,1704088,0-2 Years,"LLM, RAG, AWS",Hybrid,29-04-2026
ML Engineer,InsightIQ,Chennai,672061,10+ Years,"Machine Learning, LLM, Azure, Power BI",Remote,26-04-2026
Data Analyst,QuantSpark,Pune,3496056,0-2 Years,"SQL, Tableau, Azure, AWS",On-site,14-05-2026
ML Engineer,DataWorks,Pune,2063854,6-10 Years,"Statistics, Machine Learning, SQL, LLM, AWS, Power BI",Remote,23-05-2026
Analytics Engineer,CloudEdge,Pune,1556946,3-5 Years,"Python, LLM, Power BI, Machine Learning, AWS",On-site,28-06-2026
Analytics Engineer,CloudEdge,Hyderabad,2995783,0-2 Years,"AWS, Statistics, Machine Learning, Power BI, RAG",On-site,25-06-2026
ML Engineer,TechNova,Chennai,3312096,10+ Years,"SQL, Machine Learning, Excel, Power BI, Python",Hybrid,05-05-2026
Business Analyst,DataWorks,Hyderabad,1149887,0-2 Years,"Python, AWS, LLM, SQL, Machine Learning",Hybrid,08-06-2026
Business Analyst,InsightIQ,Delhi,1146982,3-5 Years,"LLM, Power BI, Azure, SQL",Hybrid,04-04-2026
Analytics Engineer,NextGen Analytics,Hyderabad,2363104,6-10 Years,"Tableau, AWS, RAG, Excel, Statistics, LLM",Remote,05-04-2026
Analytics Engineer,InsightIQ,Delhi,2436426,6-10 Years,"AWS, RAG, Statistics, Power BI, LLM, Python",On-site,05-02-2026
Data Scientist,TechNova,Chennai,2515743,6-10 Years,"AWS, Python, Excel",Remote,11-02-2026
Data Scientist,CloudEdge,Mumbai,1118025,10+ Years,"Tableau, Azure, Machine Learning",Remote,17-04-2026
Data Analyst,CloudEdge,Mumbai,2068508,3-5 Years,"Python, Machine Learning, Tableau, SQL, Power BI, Azure",On-site,16-06-2026
Data Scientist,QuantSpark,Hyderabad,1077134,0-2 Years,"Azure, Power BI, RAG, AWS, Excel",Remote,21-01-2026
Data Analyst,AI Labs,Hyderabad,1127130,10+ Years,"Excel, Tableau, RAG",Remote,13-01-2026
Business Analyst,CloudEdge,Chennai,3112256,10+ Years,"Python, Azure, AWS",Remote,11-06-2026
ML Engineer,InsightIQ,Hyderabad,1102204,6-10 Years,"SQL, LLM, Machine Learning, Tableau, Excel, Azure",Remote,20-06-2026
Analytics Engineer,TechNova,Mumbai,2012481,0-2 Years,"Statistics, Azure, SQL",On-site,10-04-2026
Data Scientist,AI Labs,Chennai,568124,6-10 Years,"Machine Learning, Tableau, Python",On-site,27-03-2026
Business Analyst,TechNova,Pune,2790147,6-10 Years,"RAG, Azure, LLM, Power BI",Remote,17-01-2026
Analytics Engineer,QuantSpark,Delhi,655121,6-10 Years,"SQL, Tableau, RAG, Machine Learning",Hybrid,12-05-2026
AI Engineer,QuantSpark,Mumbai,2485582,6-10 Years,"RAG, Tableau, Excel",Hybrid,13-01-2026
Analytics Engineer,AI Labs,Pune,1022086,6-10 Years,"Statistics, Azure, RAG, Machine Learning, Python, Tableau",On-site,08-05-2026
Data Scientist,QuantSpark,Mumbai,1618707,0-2 Years,"Python, Statistics, Power BI, Excel, AWS, SQL",Remote,25-03-2026
Analytics Engineer,AI Labs,Pune,2370306,10+ Years,"Azure, Machine Learning, RAG, SQL",On-site,01-04-2026
ML Engineer,CloudEdge,Pune,3182128,0-2 Years,"RAG, Statistics, Machine Learning",On-site,23-06-2026
Business Analyst,TechNova,Hyderabad,3048345,10+ Years,"Power BI, Python, Tableau",On-site,04-04-2026
Data Scientist,CloudEdge,Mumbai,635833,3-5 Years,"Machine Learning, RAG, Azure, Python, Excel, AWS",On-site,04-04-2026
AI Engineer,AI Labs,Chennai,1668909,3-5 Years,"SQL, Power BI, Azure",On-site,10-04-2026
ML Engineer,TechNova,Pune,1591734,10+ Years,"LLM, Excel, Azure, Tableau",Remote,04-02-2026
Data Analyst,CloudEdge,Hyderabad,3492090,10+ Years,"RAG, Machine Learning, LLM",On-site,17-01-2026
ML Engineer,InsightIQ,Pune,1758109,3-5 Years,"Machine Learning, AWS, Tableau, Python",Remote,05-02-2026
Business Analyst,QuantSpark,Delhi,610243,6-10 Years,"Azure, AWS, Power BI, Python, SQL",Hybrid,12-04-2026
Analytics Engineer,NextGen Analytics,Delhi,2704927,10+ Years,"LLM, Python, Power BI, Machine Learning, Azure, SQL",Hybrid,30-04-2026
Analytics Engineer,InsightIQ,Pune,1038274,3-5 Years,"Statistics, AWS, SQL, Python",On-site,09-02-2026
Data Scientist,DataWorks,Hyderabad,1853337,3-5 Years,"AWS, Excel, Python, LLM, RAG",On-site,22-05-2026
Data Scientist,DataWorks,Chennai,1770138,0-2 Years,"LLM, RAG, Power BI, AWS",On-site,09-06-2026
Analytics Engineer,InsightIQ,Pune,2863985,0-2 Years,"Python, SQL, Excel",On-site,23-02-2026
ML Engineer,CloudEdge,Mumbai,3180123,0-2 Years,"RAG, AWS, Excel, LLM, Tableau, Python",On-site,14-04-2026
Data Scientist,CloudEdge,Bangalore,3388254,0-2 Years,"Azure, Statistics, RAG, AWS",Remote,29-03-2026
ML Engineer,DataWorks,Pune,1839310,6-10 Years,"Power BI, Machine Learning, AWS, Python, RAG, Azure",Hybrid,01-02-2026
Data Scientist,CloudEdge,Hyderabad,1090883,0-2 Years,"Excel, Statistics, LLM",Remote,10-02-2026
Data Scientist,InsightIQ,Chennai,1811621,3-5 Years,"Azure, AWS, RAG, LLM",Hybrid,08-05-2026
Data Analyst,TechNova,Delhi,2619987,10+ Years,"Tableau, LLM, Machine Learning, SQL",Remote,14-03-2026
AI Engineer,InsightIQ,Chennai,3320755,10+ Years,"AWS, SQL, Python, Statistics, RAG",Hybrid,04-04-2026
AI Engineer,AI Labs,Bangalore,2180161,0-2 Years,"Machine Learning, AWS, Excel, Python",Hybrid,10-05-2026
AI Engineer,QuantSpark,Mumbai,1673233,0-2 Years,"Python, Statistics, Machine Learning, AWS",On-site,04-04-2026
Business Analyst,DataWorks,Mumbai,2635414,10+ Years,"SQL, RAG, Power BI",On-site,27-03-2026
AI Engineer,InsightIQ,Delhi,1124702,3-5 Years,"LLM, Machine Learning, Power BI, Statistics, Excel",On-site,18-03-2026
ML Engineer,AI Labs,Mumbai,2637895,10+ Years,"Azure, SQL, Machine Learning, AWS, RAG",Remote,17-04-2026
ML Engineer,AI Labs,Chennai,3385864,0-2 Years,"Excel, LLM, Tableau, SQL, RAG, AWS",Remote,15-05-2026
Analytics Engineer,NextGen Analytics,Mumbai,2094633,3-5 Years,"SQL, LLM, Python, Tableau",Remote,23-04-2026
Data Scientist,CloudEdge,Hyderabad,2232080,3-5 Years,"AWS, LLM, Azure, SQL, Machine Learning, Python",On-site,23-02-2026
ML Engineer,AI Labs,Chennai,2506433,10+ Years,"Power BI, Azure, AWS, Machine Learning, Excel",Hybrid,23-06-2026
Analytics Engineer,NextGen Analytics,Chennai,3407966,6-10 Years,"Tableau, RAG, Excel, AWS, Python, Power BI",Hybrid,30-06-2026
Business Analyst,NextGen Analytics,Chennai,2551027,6-10 Years,"Machine Learning, AWS, Excel, LLM, SQL, Azure",On-site,20-05-2026
AI Engineer,CloudEdge,Pune,1114365,6-10 Years,"Excel, Python, Machine Learning",Hybrid,17-06-2026
Data Scientist,NextGen Analytics,Delhi,1397525,3-5 Years,"AWS, Excel, Power BI, Python, LLM",On-site,31-05-2026
Business Analyst,DataWorks,Bangalore,3309487,3-5 Years,"SQL, Python, Statistics, Machine Learning",On-site,01-05-2026
Data Analyst,NextGen Analytics,Hyderabad,521732,3-5 Years,"RAG, Azure, LLM, Tableau, Statistics, Power BI",Hybrid,15-03-2026
Analytics Engineer,TechNova,Bangalore,3235939,3-5 Years,"Power BI, Statistics, RAG",Remote,12-04-2026
AI Engineer,DataWorks,Chennai,1714112,0-2 Years,"Excel, LLM, Python",Hybrid,14-03-2026
AI Engineer,NextGen Analytics,Mumbai,2699151,10+ Years,"AWS, Azure, Excel, Tableau",Remote,26-03-2026
Business Analyst,NextGen Analytics,Delhi,3219105,6-10 Years,"SQL, Machine Learning, Excel, Tableau",Remote,06-06-2026
Analytics Engineer,CloudEdge,Delhi,2661243,6-10 Years,"Statistics, Python, Power BI",Remote,03-05-2026
Data Scientist,DataWorks,Bangalore,1593812,10+ Years,"Azure, Excel, Machine Learning, LLM",On-site,27-05-2026
Data Analyst,AI Labs,Chennai,2008070,3-5 Years,"RAG, Python, Azure",Hybrid,10-02-2026
AI Engineer,NextGen Analytics,Mumbai,3450932,6-10 Years,"RAG, Excel, Machine Learning",On-site,26-02-2026
Business Analyst,DataWorks,Delhi,1142506,10+ Years,"Statistics, AWS, Azure, Tableau, RAG",Remote,24-06-2026
ML Engineer,QuantSpark,Bangalore,2704134,10+ Years,"Python, LLM, RAG, SQL, Statistics",On-site,10-05-2026
Business Analyst,InsightIQ,Mumbai,1128526,3-5 Years,"AWS, Azure, Python, Tableau, Machine Learning",On-site,06-05-2026
Data Analyst,InsightIQ,Delhi,733353,10+ Years,"AWS, Statistics, Azure, SQL",On-site,29-04-2026
Analytics Engineer,QuantSpark,Pune,591311,10+ Years,"SQL, Tableau, Python, RAG, LLM",Hybrid,29-06-2026
Data Analyst,InsightIQ,Bangalore,789487,10+ Years,"Excel, Statistics, Power BI",Remote,14-06-2026
Analytics Engineer,NextGen Analytics,Delhi,2070602,10+ Years,"Statistics, RAG, Python, Power BI, Machine Learning, Azure",Remote,15-02-2026
ML Engineer,CloudEdge,Mumbai,1034132,3-5 Years,"SQL, Excel, Azure",On-site,20-05-2026
AI Engineer,InsightIQ,Delhi,1463280,3-5 Years,"Machine Learning, Power BI, Excel, Tableau, RAG, SQL",Remote,19-06-2026
AI Engineer,InsightIQ,Bangalore,1509427,3-5 Years,"Python, LLM, SQL",Hybrid,03-06-2026
Analytics Engineer,NextGen Analytics,Bangalore,1526489,0-2 Years,"Azure, Tableau, AWS, LLM, Statistics, SQL",Remote,09-05-2026
Data Scientist,DataWorks,Chennai,2916381,6-10 Years,"Tableau, Excel, Power BI, RAG, Azure",Hybrid,12-03-2026
Data Analyst,InsightIQ,Mumbai,1234561,10+ Years,"SQL, Machine Learning, Statistics, LLM, Azure, Tableau",Hybrid,08-02-2026
Data Scientist,CloudEdge,Hyderabad,2756234,10+ Years,"Tableau, Excel, Power BI, Azure",Remote,24-05-2026
AI Engineer,CloudEdge,Mumbai,2722946,3-5 Years,"Tableau, Excel, RAG, Machine Learning, Azure, SQL",Hybrid,05-04-2026
Data Analyst,InsightIQ,Chennai,1298937,0-2 Years,"Statistics, LLM, SQL, Python, Azure",On-site,21-06-2026
ML Engineer,DataWorks,Delhi,1376144,6-10 Years,"SQL, Tableau, LLM, Python, Machine Learning",Hybrid,04-03-2026
Analytics Engineer,InsightIQ,Chennai,1357790,10+ Years,"AWS, Machine Learning, Excel, Statistics",Hybrid,17-05-2026
Analytics Engineer,AI Labs,Pune,1597068,6-10 Years,"Azure, Python, RAG, Machine Learning, LLM, Power BI",Hybrid,16-04-2026
Data Analyst,InsightIQ,Hyderabad,1112044,0-2 Years,"AWS, LLM, Statistics, Excel, Python",Remote,26-03-2026
Business Analyst,CloudEdge,Mumbai,1530666,10+ Years,"Excel, Azure, LLM, AWS, Python",On-site,01-04-2026
Business Analyst,DataWorks,Chennai,2792381,10+ Years,"AWS, SQL, RAG, LLM",Remote,21-06-2026
Data Analyst,QuantSpark,Bangalore,2229698,3-5 Years,"Python, Power BI, SQL, Tableau",On-site,27-04-2026
Data Scientist,TechNova,Mumbai,3174827,10+ Years,"SQL, RAG, AWS, Statistics, LLM, Azure",On-site,12-03-2026
ML Engineer,AI Labs,Bangalore,2606446,10+ Years,"Python, RAG, AWS, Power BI",Remote,19-02-2026
ML Engineer,InsightIQ,Pune,1986633,6-10 Years,"Python, Machine Learning, Statistics, Azure, Excel, RAG",On-site,27-02-2026
Data Scientist,NextGen Analytics,Bangalore,3241966,0-2 Years,"Statistics, RAG, LLM",On-site,02-05-2026
Data Analyst,NextGen Analytics,Bangalore,3447946,3-5 Years,"Azure, Statistics, Machine Learning",On-site,25-01-2026
ML Engineer,TechNova,Hyderabad,1386747,10+ Years,"SQL, Python, Excel, RAG, LLM",Hybrid,05-01-2026
Business Analyst,InsightIQ,Hyderabad,3489328,10+ Years,"Excel, Power BI, Tableau",On-site,10-04-2026
Analytics Engineer,InsightIQ,Pune,2109967,3-5 Years,"AWS, Machine Learning, SQL",Remote,22-04-2026
Business Analyst,QuantSpark,Bangalore,1928549,10+ Years,"SQL, Excel, Azure, AWS, Python",Hybrid,22-05-2026
AI Engineer,CloudEdge,Hyderabad,3350846,10+ Years,"LLM, Excel, Tableau",On-site,19-01-2026
Data Analyst,AI Labs,Hyderabad,2093835,3-5 Years,"Machine Learning, RAG, Python, AWS, SQL, Power BI",Hybrid,03-04-2026
Data Scientist,TechNova,Hyderabad,866151,3-5 Years,"Azure, AWS, LLM, Statistics, SQL, RAG",Remote,01-04-2026
ML Engineer,TechNova,Mumbai,3008377,6-10 Years,"SQL, Excel, Statistics, AWS, Azure, RAG",On-site,24-05-2026
Business Analyst,InsightIQ,Mumbai,1211282,10+ Years,"Power BI, Excel, LLM, AWS",Hybrid,07-02-2026
Data Analyst,DataWorks,Delhi,1657467,10+ Years,"Azure, Python, Machine Learning, Excel, LLM",On-site,10-06-2026
AI Engineer,InsightIQ,Mumbai,1320188,10+ Years,"Power BI, Excel, SQL",Hybrid,27-03-2026
ML Engineer,CloudEdge,Pune,2346428,6-10 Years,"RAG, LLM, Power BI, Excel, AWS, Azure",On-site,21-02-2026
AI Engineer,AI Labs,Hyderabad,2170337,6-10 Years,"RAG, Azure, Tableau, Machine Learning, AWS",Hybrid,11-04-2026
Data Scientist,TechNova,Mumbai,1338022,3-5 Years,"Azure, Tableau, RAG",Hybrid,27-06-2026
Data Analyst,QuantSpark,Delhi,3322672,10+ Years,"RAG, Excel, Tableau, LLM",On-site,09-02-2026
Analytics Engineer,CloudEdge,Delhi,810232,10+ Years,"LLM, Statistics, AWS, RAG, Excel, SQL",Hybrid,29-06-2026
ML Engineer,InsightIQ,Chennai,856440,0-2 Years,"RAG, Machine Learning, Power BI, SQL",On-site,15-06-2026
Analytics Engineer,NextGen Analytics,Delhi,1890817,10+ Years,"SQL, Python, Excel",Remote,11-05-2026
Analytics Engineer,InsightIQ,Mumbai,2934870,3-5 Years,"Machine Learning, Statistics, Azure, Power BI, AWS, SQL",Hybrid,27-01-2026
Data Scientist,CloudEdge,Bangalore,986830,3-5 Years,"Excel, Machine Learning, Azure, Tableau, RAG",Hybrid,31-03-2026
AI Engineer,TechNova,Delhi,3422436,10+ Years,"Python, Excel, SQL, RAG, AWS",Hybrid,15-06-2026
Data Analyst,NextGen Analytics,Hyderabad,1523045,3-5 Years,"Machine Learning, AWS, Statistics, Azure",Remote,14-04-2026
Analytics Engineer,DataWorks,Hyderabad,3186363,10+ Years,"SQL, LLM, Tableau, Azure, Excel, AWS",Hybrid,02-01-2026
Analytics Engineer,DataWorks,Hyderabad,1667462,0-2 Years,"AWS, Power BI, Machine Learning",Hybrid,20-02-2026
AI Engineer,TechNova,Pune,3313125,10+ Years,"LLM, Statistics, RAG, Python, Power BI",Hybrid,28-04-2026
ML Engineer,DataWorks,Chennai,3461129,6-10 Years,"RAG, Power BI, Machine Learning",Remote,03-03-2026
Data Scientist,TechNova,Hyderabad,2065759,3-5 Years,"Statistics, LLM, Power BI, RAG, Tableau, Python",Hybrid,12-06-2026
ML Engineer,NextGen Analytics,Chennai,1226599,3-5 Years,"Excel, Power BI, LLM, Machine Learning, Statistics, Tableau",On-site,14-01-2026
Data Scientist,TechNova,Delhi,1072668,3-5 Years,"AWS, RAG, Azure, Statistics, Machine Learning, Tableau",Hybrid,24-04-2026
AI Engineer,DataWorks,Bangalore,2871450,0-2 Years,"Excel, SQL, RAG, Tableau",On-site,15-03-2026
Business Analyst,QuantSpark,Delhi,2872509,10+ Years,"LLM, Python, Excel",On-site,04-04-2026
ML Engineer,QuantSpark,Bangalore,2351225,3-5 Years,"Python, Tableau, Excel, SQL, LLM, Power BI",Hybrid,23-01-2026
AI Engineer,QuantSpark,Bangalore,1493823,3-5 Years,"LLM, Statistics, Power BI, AWS, RAG",Remote,22-02-2026
Data Analyst,InsightIQ,Pune,2732547,6-10 Years,"Machine Learning, Excel, LLM, AWS",On-site,23-06-2026
Data Analyst,DataWorks,Delhi,748663,6-10 Years,"Power BI, Tableau, RAG, Machine Learning",Remote,23-06-2026
AI Engineer,CloudEdge,Hyderabad,2921898,6-10 Years,"Statistics, Azure, Python, AWS, Tableau, Excel",On-site,13-03-2026
Analytics Engineer,AI Labs,Delhi,2547006,6-10 Years,"Python, Azure, Machine Learning",Remote,17-05-2026
AI Engineer,DataWorks,Delhi,1388569,10+ Years,"Machine Learning, Excel, RAG, Power BI, LLM",Hybrid,29-03-2026
Analytics Engineer,QuantSpark,Bangalore,692698,0-2 Years,"SQL, Python, Power BI, Azure, Tableau, RAG",Hybrid,21-02-2026
Analytics Engineer,DataWorks,Chennai,1766115,3-5 Years,"Python, Machine Learning, Excel, RAG, Power BI",On-site,16-06-2026
Business Analyst,TechNova,Delhi,3123974,6-10 Years,"Statistics, Python, LLM, SQL",Remote,03-05-2026
Data Analyst,DataWorks,Mumbai,1448713,10+ Years,"SQL, Machine Learning, Python",Hybrid,27-06-2026
Business Analyst,CloudEdge,Bangalore,1460272,10+ Years,"Python, RAG, Machine Learning",Hybrid,18-03-2026
Business Analyst,CloudEdge,Hyderabad,3190965,3-5 Years,"AWS, LLM, SQL",On-site,16-06-2026
Business Analyst,CloudEdge,Pune,1393619,3-5 Years,"LLM, Azure, Tableau, Python, SQL, RAG",Remote,31-05-2026
Analytics Engineer,CloudEdge,Pune,2300986,6-10 Years,"Tableau, Excel, Python, RAG",On-site,03-06-2026
ML Engineer,NextGen Analytics,Mumbai,1695044,0-2 Years,"Tableau, AWS, LLM, RAG, Machine Learning",Hybrid,17-03-2026
Analytics Engineer,TechNova,Hyderabad,2575709,10+ Years,"Tableau, Azure, Python",On-site,04-01-2026
Data Scientist,AI Labs,Hyderabad,2122517,10+ Years,"AWS, Power BI, Azure, Python, SQL",On-site,18-01-2026
Data Analyst,AI Labs,Hyderabad,667045,0-2 Years,"AWS, Excel, RAG, Statistics, Tableau, Machine Learning",Hybrid,22-01-2026
Analytics Engineer,InsightIQ,Mumbai,3083888,3-5 Years,"Python, Excel, RAG, Tableau, Statistics",Remote,18-05-2026
Data Scientist,CloudEdge,Mumbai,3160422,0-2 Years,"Statistics, Tableau, SQL, LLM, AWS",Hybrid,30-01-2026
AI Engineer,InsightIQ,Mumbai,730806,6-10 Years,"Python, SQL, Power BI, LLM",Remote,08-05-2026
Data Scientist,InsightIQ,Mumbai,1587360,3-5 Years,"Power BI, Excel, Python, SQL, RAG",Hybrid,11-03-2026
ML Engineer,TechNova,Pune,3487700,0-2 Years,"Azure, AWS, Machine Learning, SQL, Tableau, Excel",Remote,05-04-2026
Business Analyst,AI Labs,Bangalore,2907162,0-2 Years,"AWS, SQL, LLM, RAG",Remote,12-01-2026
AI Engineer,AI Labs,Delhi,1129500,3-5 Years,"AWS, Statistics, Tableau",Hybrid,05-03-2026
AI Engineer,NextGen Analytics,Pune,1637738,0-2 Years,"Python, AWS, SQL, Power BI, RAG",On-site,12-01-2026
AI Engineer,TechNova,Delhi,1684080,6-10 Years,"Python, AWS, Azure, SQL, Power BI",Remote,16-03-2026
ML Engineer,QuantSpark,Pune,3111866,3-5 Years,"Machine Learning, LLM, Azure, Tableau, RAG, Excel",Remote,08-02-2026
Data Analyst,CloudEdge,Bangalore,1477263,6-10 Years,"Machine Learning, SQL, Statistics",On-site,20-03-2026
Data Analyst,DataWorks,Mumbai,1498947,10+ Years,"SQL, Power BI, Excel, Python, RAG, Azure",On-site,16-04-2026
Analytics Engineer,AI Labs,Delhi,856106,0-2 Years,"RAG, Statistics, Python, SQL",Hybrid,19-06-2026
Business Analyst,DataWorks,Pune,1594675,6-10 Years,"Machine Learning, RAG, Azure, Excel, Python, SQL",Remote,04-02-2026
ML Engineer,TechNova,Hyderabad,943160,3-5 Years,"Azure, Machine Learning, Statistics, Python, Excel, Power BI",Remote,26-04-2026
Data Scientist,CloudEdge,Pune,1002953,0-2 Years,"RAG, Excel, SQL, Tableau",Hybrid,07-02-2026
Data Analyst,NextGen Analytics,Hyderabad,1992093,10+ Years,"RAG, Excel, LLM",Remote,08-01-2026
AI Engineer,QuantSpark,Delhi,2831839,3-5 Years,"Azure, Python, Power BI",Remote,04-01-2026
Data Analyst,QuantSpark,Hyderabad,1048259,3-5 Years,"Machine Learning, Python, Excel, LLM, SQL, Statistics",Remote,15-06-2026
AI Engineer,QuantSpark,Hyderabad,885786,6-10 Years,"SQL, Azure, RAG",Remote,27-05-2026
AI Engineer,QuantSpark,Chennai,2156744,10+ Years,"Statistics, RAG, Power BI",Hybrid,24-02-2026
Business Analyst,AI Labs,Pune,2370707,3-5 Years,"LLM, RAG, Tableau",On-site,17-03-2026
AI Engineer,CloudEdge,Mumbai,2509201,0-2 Years,"Excel, Statistics, Power BI",Hybrid,21-02-2026
Analytics Engineer,QuantSpark,Mumbai,1545001,0-2 Years,"Machine Learning, Azure, AWS, LLM, Power BI, Excel",On-site,24-03-2026
AI Engineer,AI Labs,Hyderabad,609316,6-10 Years,"SQL, Excel, RAG, Azure",On-site,02-04-2026
ML Engineer,DataWorks,Hyderabad,919993,3-5 Years,"Excel, AWS, SQL, Tableau",On-site,10-04-2026
Data Scientist,QuantSpark,Hyderabad,1238618,3-5 Years,"Machine Learning, LLM, SQL, RAG, Excel",On-site,06-02-2026
ML Engineer,DataWorks,Delhi,2773835,6-10 Years,"Azure, SQL, Python, LLM",Remote,04-06-2026
Business Analyst,TechNova,Mumbai,2504831,0-2 Years,"LLM, Tableau, Power BI, Machine Learning, Azure",Remote,24-03-2026
Data Analyst,TechNova,Hyderabad,2960417,3-5 Years,"AWS, Machine Learning, Python",Hybrid,30-06-2026
Analytics Engineer,CloudEdge,Mumbai,923759,6-10 Years,"Machine Learning, Power BI, LLM, Statistics, Azure",On-site,05-05-2026
Analytics Engineer,AI Labs,Hyderabad,3466140,6-10 Years,"RAG, LLM, Power BI, Statistics",Hybrid,26-06-2026
Data Scientist,DataWorks,Hyderabad,507540,10+ Years,"Power BI, LLM, Machine Learning",On-site,26-02-2026
Analytics Engineer,InsightIQ,Bangalore,2581150,3-5 Years,"Python, Tableau, Machine Learning, AWS, RAG",On-site,23-01-2026
Analytics Engineer,NextGen Analytics,Chennai,1908235,10+ Years,"Excel, Tableau, LLM",On-site,18-01-2026
Data Scientist,AI Labs,Bangalore,505373,0-2 Years,"Azure, Statistics, Power BI, LLM, Tableau, RAG",Hybrid,20-05-2026
AI Engineer,TechNova,Delhi,2924540,3-5 Years,"Azure, Python, SQL, Excel",Remote,23-03-2026
Data Scientist,TechNova,Bangalore,1933647,3-5 Years,"Power BI, Python, AWS, LLM, RAG, Excel",On-site,04-05-2026
Analytics Engineer,TechNova,Delhi,3241544,3-5 Years,"Power BI, SQL, Python, Machine Learning, AWS, Statistics",Hybrid,28-06-2026
ML Engineer,NextGen Analytics,Chennai,2765450,6-10 Years,"Excel, Tableau, Python, SQL, LLM",On-site,21-05-2026
AI Engineer,DataWorks,Bangalore,2013426,0-2 Years,"Python, Excel, Azure, Tableau, SQL, Statistics",Remote,13-02-2026
Analytics Engineer,AI Labs,Bangalore,2486299,0-2 Years,"Statistics, Azure, LLM, Excel, SQL",On-site,20-05-2026
AI Engineer,DataWorks,Pune,2099897,6-10 Years,"Azure, SQL, Excel, RAG",Hybrid,09-03-2026
Business Analyst,QuantSpark,Pune,2866621,0-2 Years,"RAG, Python, LLM, Machine Learning",On-site,16-04-2026
ML Engineer,DataWorks,Mumbai,755784,10+ Years,"AWS, Azure, Tableau, LLM, Power BI, SQL",Hybrid,09-01-2026
ML Engineer,InsightIQ,Mumbai,2896983,3-5 Years,"Azure, Power BI, LLM",Remote,19-02-2026
Business Analyst,TechNova,Delhi,828701,10+ Years,"RAG, Power BI, Excel, Machine Learning",On-site,18-01-2026
Data Analyst,CloudEdge,Mumbai,2166627,6-10 Years,"AWS, Azure, SQL, Statistics, RAG",Hybrid,08-02-2026
Business Analyst,InsightIQ,Mumbai,2943924,0-2 Years,"LLM, Python, Excel",On-site,30-03-2026
AI Engineer,AI Labs,Delhi,3246378,10+ Years,"SQL, Power BI, Excel, Statistics, Python, AWS",On-site,24-06-2026
Analytics Engineer,CloudEdge,Bangalore,2160075,6-10 Years,"SQL, Azure, Excel, Machine Learning",Remote,28-03-2026
Data Scientist,AI Labs,Pune,2562000,0-2 Years,"Power BI, Excel, Azure, Machine Learning",Hybrid,17-04-2026
ML Engineer,NextGen Analytics,Bangalore,1288259,10+ Years,"Statistics, Azure, AWS, Machine Learning",Remote,12-05-2026
Business Analyst,TechNova,Pune,3476149,10+ Years,"AWS, LLM, SQL, Power BI",Remote,21-02-2026
Data Analyst,DataWorks,Bangalore,2414484,0-2 Years,"Tableau, Excel, Machine Learning, Azure, LLM",Hybrid,12-06-2026
Data Analyst,NextGen Analytics,Bangalore,1514761,6-10 Years,"LLM, Azure, Power BI, RAG, Excel, Statistics",Hybrid,30-03-2026
Business Analyst,QuantSpark,Pune,3389248,0-2 Years,"SQL, Statistics, RAG, Power BI, LLM",On-site,24-02-2026
Business Analyst,NextGen Analytics,Hyderabad,3342459,3-5 Years,"RAG, Statistics, AWS, SQL, LLM",On-site,03-01-2026
AI Engineer,DataWorks,Chennai,1226456,0-2 Years,"Excel, LLM, RAG, AWS",Hybrid,07-04-2026
Data Scientist,CloudEdge,Pune,1415235,10+ Years,"RAG, AWS, Statistics, Python, SQL",On-site,19-06-2026
Data Scientist,InsightIQ,Chennai,2990462,6-10 Years,"RAG, Python, Azure, LLM, Power BI",Hybrid,13-06-2026
Data Scientist,QuantSpark,Pune,1595329,6-10 Years,"Power BI, AWS, Tableau, SQL",On-site,14-04-2026
Analytics Engineer,AI Labs,Chennai,1086906,0-2 Years,"Excel, RAG, Statistics, AWS, Tableau, Machine Learning",Remote,30-05-2026
Analytics Engineer,InsightIQ,Hyderabad,1939346,3-5 Years,"RAG, Machine Learning, AWS, Excel, Statistics, Python",On-site,23-05-2026
Business Analyst,AI Labs,Bangalore,2474598,3-5 Years,"AWS, Power BI, Machine Learning, Python, Azure",Hybrid,27-02-2026
Analytics Engineer,QuantSpark,Pune,2263589,6-10 Years,"Excel, LLM, RAG, Azure, Statistics",Remote,01-05-2026
Data Analyst,QuantSpark,Chennai,2947689,0-2 Years,"Tableau, AWS, Python, Statistics, Excel, Power BI",Hybrid,14-01-2026
Business Analyst,DataWorks,Hyderabad,1937261,10+ Years,"Power BI, Machine Learning, RAG, Python, Tableau, AWS",On-site,15-02-2026
Data Scientist,NextGen Analytics,Bangalore,519769,10+ Years,"Tableau, Power BI, LLM, Azure, Statistics",Remote,03-02-2026
ML Engineer,CloudEdge,Chennai,2301074,10+ Years,"Azure, Statistics, SQL, AWS, Excel, Python",On-site,06-04-2026
Data Analyst,AI Labs,Mumbai,1299336,0-2 Years,"RAG, Tableau, LLM",On-site,30-03-2026
Data Scientist,DataWorks,Bangalore,2108727,6-10 Years,"Python, SQL, Excel, AWS",Hybrid,14-05-2026
ML Engineer,InsightIQ,Pune,2318923,3-5 Years,"Azure, Machine Learning, Tableau, Power BI, Statistics",Hybrid,05-01-2026
Business Analyst,DataWorks,Chennai,1050316,3-5 Years,"LLM, AWS, Power BI",Remote,04-04-2026
Analytics Engineer,NextGen Analytics,Bangalore,2073671,6-10 Years,"LLM, SQL, Python",On-site,06-01-2026
Data Analyst,NextGen Analytics,Bangalore,2248083,10+ Years,"Python, AWS, Excel, Azure, Machine Learning, RAG",Remote,27-06-2026
Analytics Engineer,NextGen Analytics,Bangalore,1762973,10+ Years,"RAG, AWS, Excel",On-site,05-06-2026
Analytics Engineer,DataWorks,Delhi,940042,0-2 Years,"Python, RAG, Azure, Tableau, Excel",Remote,09-03-2026
ML Engineer,DataWorks,Pune,3450427,10+ Years,"Power BI, SQL, AWS, Azure, Python",On-site,04-05-2026
Data Scientist,DataWorks,Bangalore,553474,0-2 Years,"LLM, Azure, Power BI",Remote,11-05-2026
Data Analyst,NextGen Analytics,Chennai,924843,6-10 Years,"Azure, Excel, LLM, RAG",Remote,26-01-2026
Business Analyst,QuantSpark,Bangalore,1718727,6-10 Years,"Statistics, Python, LLM, SQL, Azure",Remote,19-06-2026
Analytics Engineer,DataWorks,Pune,1999578,10+ Years,"Python, Machine Learning, LLM, Power BI, SQL",Hybrid,13-04-2026
AI Engineer,AI Labs,Delhi,3393660,10+ Years,"RAG, Power BI, Python, LLM, Machine Learning, Statistics",Remote,10-02-2026
Data Analyst,CloudEdge,Mumbai,2524485,10+ Years,"LLM, Statistics, Machine Learning, SQL",On-site,03-02-2026
AI Engineer,CloudEdge,Bangalore,2225051,10+ Years,"Python, Excel, Machine Learning",Remote,30-06-2026
Analytics Engineer,InsightIQ,Chennai,2918641,3-5 Years,"AWS, RAG, Python, Statistics, Machine Learning",On-site,05-03-2026
AI Engineer,AI Labs,Chennai,3336589,10+ Years,"AWS, LLM, SQL, RAG",On-site,10-02-2026
ML Engineer,QuantSpark,Delhi,2579682,3-5 Years,"Azure, Machine Learning, Tableau",Hybrid,13-03-2026
Data Analyst,InsightIQ,Hyderabad,2808945,10+ Years,"Tableau, Python, Azure, AWS, Statistics, Excel",Hybrid,23-01-2026
AI Engineer,CloudEdge,Pune,997892,10+ Years,"Python, Statistics, LLM",Remote,23-05-2026
ML Engineer,TechNova,Bangalore,3034212,6-10 Years,"RAG, Azure, Machine Learning, AWS",Remote,27-02-2026
AI Engineer,AI Labs,Mumbai,3099453,10+ Years,"Azure, Python, LLM, Tableau, SQL",Hybrid,01-04-2026
Analytics Engineer,QuantSpark,Pune,2797180,6-10 Years,"SQL, Power BI, Azure",Remote,15-04-2026
Data Analyst,AI Labs,Mumbai,1321754,3-5 Years,"Statistics, Tableau, Azure",Remote,28-03-2026
Data Analyst,QuantSpark,Delhi,695036,0-2 Years,"Azure, LLM, AWS, Power BI, Tableau, SQL",On-site,13-01-2026
ML Engineer,CloudEdge,Mumbai,2525563,3-5 Years,"Power BI, Python, Statistics, Machine Learning",On-site,09-04-2026
AI Engineer,InsightIQ,Chennai,1541188,6-10 Years,"Machine Learning, Excel, Azure, Power BI, Python, Tableau",On-site,29-06-2026
Analytics Engineer,InsightIQ,Pune,3442280,6-10 Years,"Tableau, RAG, Excel, Machine Learning",On-site,03-02-2026
Analytics Engineer,NextGen Analytics,Hyderabad,2613482,6-10 Years,"Machine Learning, AWS, Azure",On-site,27-05-2026
Analytics Engineer,NextGen Analytics,Delhi,3327982,6-10 Years,"SQL, AWS, Python, RAG, Tableau, LLM",Remote,21-06-2026
Data Analyst,DataWorks,Pune,1175011,6-10 Years,"Power BI, SQL, Excel, Tableau, Statistics",On-site,09-01-2026
Data Scientist,QuantSpark,Delhi,929832,3-5 Years,"Tableau, AWS, Excel, SQL, RAG, Statistics",Hybrid,25-06-2026
Data Scientist,InsightIQ,Bangalore,554380,6-10 Years,"LLM, Azure, Tableau, Machine Learning",On-site,20-05-2026
Analytics Engineer,InsightIQ,Hyderabad,1311588,6-10 Years,"Power BI, Python, RAG, AWS, Machine Learning, Excel",Remote,07-04-2026
Data Analyst,CloudEdge,Pune,2834543,6-10 Years,"Power BI, LLM, Excel, SQL",Hybrid,30-04-2026
Analytics Engineer,DataWorks,Bangalore,1144678,6-10 Years,"RAG, LLM, Excel",Hybrid,27-05-2026
ML Engineer,AI Labs,Bangalore,3468231,6-10 Years,"Power BI, AWS, Python, RAG",Hybrid,20-05-2026
ML Engineer,CloudEdge,Bangalore,1965502,3-5 Years,"RAG, Machine Learning, LLM, AWS",Hybrid,25-02-2026
ML Engineer,InsightIQ,Delhi,2854408,0-2 Years,"RAG, Machine Learning, Azure",Remote,14-06-2026
ML Engineer,InsightIQ,Hyderabad,667257,6-10 Years,"Python, Statistics, Excel, AWS, SQL, Azure",Hybrid,12-05-2026
ML Engineer,CloudEdge,Delhi,683927,6-10 Years,"Machine Learning, AWS, Python, LLM",Remote,18-05-2026
ML Engineer,TechNova,Chennai,774608,3-5 Years,"RAG, Statistics, Python, Tableau",On-site,29-06-2026
Analytics Engineer,QuantSpark,Delhi,3211874,0-2 Years,"SQL, Azure, Machine Learning, RAG",Remote,19-01-2026
Data Analyst,DataWorks,Pune,2840774,0-2 Years,"Excel, Statistics, LLM, Azure",On-site,14-04-2026
AI Engineer,AI Labs,Bangalore,2133689,0-2 Years,"RAG, LLM, Python",On-site,30-05-2026
Data Analyst,NextGen Analytics,Bangalore,2000303,0-2 Years,"RAG, Excel, Python, LLM, Statistics",Hybrid,08-04-2026
AI Engineer,QuantSpark,Chennai,629264,10+ Years,"AWS, Tableau, Power BI, Statistics",On-site,17-03-2026
Analytics Engineer,DataWorks,Pune,3340756,6-10 Years,"AWS, RAG, Power BI",Remote,11-01-2026
Data Analyst,InsightIQ,Mumbai,2152898,0-2 Years,"Tableau, Machine Learning, RAG, Statistics, LLM",On-site,06-02-2026
Business Analyst,DataWorks,Hyderabad,3087402,6-10 Years,"Python, Power BI, SQL, Azure",On-site,21-05-2026
Data Analyst,AI Labs,Chennai,782539,6-10 Years,"Tableau, LLM, Azure",Hybrid,02-04-2026
Business Analyst,NextGen Analytics,Chennai,1483702,0-2 Years,"LLM, Python, Tableau, Machine Learning, AWS",Hybrid,26-03-2026
ML Engineer,NextGen Analytics,Pune,3408574,3-5 Years,"Machine Learning, Statistics, Power BI, SQL, AWS",Remote,26-02-2026
Analytics Engineer,NextGen Analytics,Chennai,2329236,6-10 Years,"Power BI, Machine Learning, Azure, AWS, Tableau",Hybrid,20-03-2026
AI Engineer,InsightIQ,Bangalore,1237233,0-2 Years,"Power BI, AWS, Tableau, Excel, Machine Learning",On-site,20-01-2026
Analytics Engineer,TechNova,Bangalore,2627260,0-2 Years,"LLM, Tableau, SQL, Excel, Azure, Statistics",Hybrid,17-06-2026
Business Analyst,AI Labs,Delhi,1436615,6-10 Years,"Azure, AWS, LLM, Python",Hybrid,04-04-2026
ML Engineer,TechNova,Chennai,1501938,3-5 Years,"Azure, Power BI, LLM, AWS",On-site,04-05-2026
Data Scientist,TechNova,Hyderabad,2545319,3-5 Years,"Excel, Machine Learning, Tableau",Remote,21-06-2026
Business Analyst,InsightIQ,Pune,2127780,10+ Years,"SQL, RAG, Machine Learning, Python, AWS, Excel",On-site,12-03-2026
Analytics Engineer,AI Labs,Mumbai,2783169,3-5 Years,"RAG, Statistics, Machine Learning, Python, Excel, Power BI",Hybrid,27-02-2026
ML Engineer,CloudEdge,Pune,1947170,10+ Years,"LLM, SQL, AWS, Power BI, Tableau, Python",Remote,20-01-2026
ML Engineer,NextGen Analytics,Pune,1387167,3-5 Years,"Power BI, Machine Learning, Python, Tableau",Hybrid,26-03-2026
Analytics Engineer,TechNova,Delhi,3332117,10+ Years,"Tableau, LLM, Power BI, Statistics, SQL, Python",Remote,02-02-2026
ML Engineer,InsightIQ,Hyderabad,1065073,0-2 Years,"SQL, Power BI, Excel, LLM",On-site,14-04-2026
ML Engineer,InsightIQ,Chennai,578098,6-10 Years,"Tableau, Azure, LLM",Hybrid,13-02-2026
Business Analyst,QuantSpark,Delhi,3020100,3-5 Years,"LLM, AWS, Excel, Power BI",On-site,25-06-2026
Data Scientist,CloudEdge,Mumbai,2977139,0-2 Years,"Statistics, RAG, Power BI, Python",Remote,21-02-2026
ML Engineer,QuantSpark,Mumbai,3370446,10+ Years,"LLM, Python, Power BI, Azure",On-site,03-06-2026
Data Analyst,QuantSpark,Mumbai,2611115,0-2 Years,"Azure, Power BI, AWS",Remote,23-06-2026
Analytics Engineer,CloudEdge,Mumbai,2264476,6-10 Years,"AWS, Statistics, Tableau",Hybrid,08-04-2026
Data Scientist,InsightIQ,Chennai,3422203,0-2 Years,"Power BI, Excel, Azure, Tableau, Statistics, SQL",Hybrid,03-06-2026
ML Engineer,CloudEdge,Pune,1292811,0-2 Years,"LLM, AWS, Python",On-site,02-01-2026
AI Engineer,NextGen Analytics,Hyderabad,3384702,6-10 Years,"Machine Learning, Python, Power BI, Statistics, RAG, Excel",Hybrid,08-03-2026
ML Engineer,CloudEdge,Mumbai,2033622,6-10 Years,"Tableau, Statistics, AWS, Azure, Python, Power BI",On-site,23-05-2026
AI Engineer,AI Labs,Pune,2922844,6-10 Years,"Power BI, Python, Tableau, Azure, Statistics, Machine Learning",Remote,26-01-2026
Business Analyst,InsightIQ,Delhi,1919511,0-2 Years,"Statistics, SQL, Python, Power BI",Hybrid,03-06-2026
AI Engineer,TechNova,Bangalore,1603487,3-5 Years,"Python, LLM, SQL, Statistics, Tableau",On-site,17-06-2026
ML Engineer,AI Labs,Chennai,3005981,0-2 Years,"RAG, Azure, LLM, SQL",Remote,18-06-2026
ML Engineer,AI Labs,Hyderabad,640967,3-5 Years,"RAG, SQL, Machine Learning, Tableau",On-site,01-01-2026
Business Analyst,TechNova,Pune,2175346,6-10 Years,"Statistics, LLM, Tableau, SQL, Machine Learning, RAG",Remote,24-01-2026
ML Engineer,AI Labs,Chennai,2845093,6-10 Years,"Excel, Tableau, LLM, Azure, AWS",On-site,02-01-2026
Data Scientist,DataWorks,Delhi,2623316,0-2 Years,"AWS, Excel, Machine Learning",Remote,12-05-2026
Data Scientist,InsightIQ,Mumbai,1549169,10+ Years,"LLM, Azure, Tableau, Machine Learning, Statistics, AWS",On-site,28-04-2026
ML Engineer,QuantSpark,Bangalore,2521529,0-2 Years,"Python, Statistics, Tableau, AWS, LLM",Hybrid,16-04-2026
Data Scientist,InsightIQ,Mumbai,540782,6-10 Years,"Excel, Python, Statistics, Machine Learning",Remote,22-05-2026
Business Analyst,CloudEdge,Pune,1982845,3-5 Years,"Power BI, Tableau, Azure, LLM, Python",On-site,03-03-2026
Data Scientist,DataWorks,Hyderabad,1350464,3-5 Years,"Power BI, Python, LLM, AWS, Machine Learning",On-site,07-05-2026
ML Engineer,TechNova,Mumbai,677264,10+ Years,"LLM, Machine Learning, Azure, Excel, Tableau",Remote,11-05-2026
Data Scientist,CloudEdge,Hyderabad,2918709,3-5 Years,"AWS, Statistics, Azure",On-site,09-01-2026
ML Engineer,AI Labs,Delhi,3378712,3-5 Years,"Python, AWS, Azure, Machine Learning, LLM, SQL",Remote,22-06-2026
Business Analyst,CloudEdge,Mumbai,922567,6-10 Years,"LLM, Excel, Power BI, RAG, Python",Hybrid,01-05-2026
ML Engineer,AI Labs,Pune,1271389,10+ Years,"Tableau, Statistics, Machine Learning, AWS, LLM, RAG",Hybrid,26-04-2026
Business Analyst,InsightIQ,Hyderabad,2915469,3-5 Years,"Excel, Tableau, AWS",Hybrid,08-04-2026
Business Analyst,DataWorks,Chennai,1127250,10+ Years,"Power BI, Statistics, Azure",Remote,11-06-2026
ML Engineer,InsightIQ,Chennai,1824256,10+ Years,"Excel, AWS, SQL, Statistics, LLM",On-site,11-02-2026
Data Analyst,DataWorks,Pune,2498751,0-2 Years,"Machine Learning, Excel, RAG, AWS, LLM, Statistics",Hybrid,30-03-2026
Data Analyst,CloudEdge,Bangalore,1972580,3-5 Years,"Excel, Machine Learning, LLM, Azure",On-site,25-04-2026
Data Analyst,CloudEdge,Mumbai,1701766,10+ Years,"Power BI, Machine Learning, Statistics, AWS",Remote,21-01-2026
Business Analyst,AI Labs,Hyderabad,1814839,6-10 Years,"Excel, LLM, Statistics, RAG, Tableau",Hybrid,31-05-2026
ML Engineer,CloudEdge,Delhi,1201783,3-5 Years,"Power BI, Tableau, Excel",On-site,29-06-2026
Analytics Engineer,TechNova,Hyderabad,1200073,10+ Years,"Python, RAG, Azure",On-site,14-01-2026
Data Analyst,QuantSpark,Delhi,2697743,0-2 Years,"Excel, LLM, Power BI",Remote,17-06-2026
AI Engineer,AI Labs,Hyderabad,1537656,6-10 Years,"RAG, Power BI, LLM, AWS, SQL, Statistics",On-site,02-04-2026
Data Scientist,QuantSpark,Delhi,2459551,6-10 Years,"Power BI, AWS, RAG, Azure, Machine Learning, Statistics",On-site,25-05-2026
AI Engineer,InsightIQ,Chennai,3182375,6-10 Years,"Azure, AWS, Tableau, Python, LLM",Hybrid,04-04-2026
AI Engineer,AI Labs,Hyderabad,1773277,0-2 Years,"AWS, Power BI, Machine Learning",Hybrid,01-05-2026
ML Engineer,TechNova,Chennai,2563310,10+ Years,"SQL, Statistics, Excel, Tableau, LLM",Remote,21-05-2026
Data Scientist,DataWorks,Delhi,2851135,10+ Years,"Tableau, Power BI, Statistics, AWS, Python, LLM",Remote,19-04-2026
Analytics Engineer,DataWorks,Mumbai,3072015,6-10 Years,"RAG, AWS, Excel, Statistics, Python",Remote,16-02-2026
Business Analyst,AI Labs,Bangalore,3171321,10+ Years,"Excel, LLM, Azure, Tableau, Power BI, SQL",Remote,13-01-2026
ML Engineer,TechNova,Hyderabad,928966,6-10 Years,"Power BI, Azure, SQL, Tableau, AWS",Remote,04-01-2026
AI Engineer,DataWorks,Pune,2262627,6-10 Years,"Machine Learning, Azure, SQL, RAG, AWS, Python",Remote,10-03-2026
AI Engineer,TechNova,Mumbai,2471938,3-5 Years,"Excel, Statistics, SQL, Python",On-site,05-03-2026
AI Engineer,QuantSpark,Delhi,1536673,0-2 Years,"Azure, Python, AWS, Tableau",Hybrid,10-04-2026
Analytics Engineer,AI Labs,Pune,1165264,0-2 Years,"Excel, Azure, RAG",Remote,03-04-2026
Data Analyst,QuantSpark,Chennai,1413470,0-2 Years,"RAG, Statistics, Machine Learning, SQL",Remote,12-03-2026
ML Engineer,TechNova,Delhi,1519590,0-2 Years,"LLM, Azure, Power BI",Hybrid,23-01-2026
Business Analyst,DataWorks,Delhi,883365,6-10 Years,"SQL, Machine Learning, Power BI",On-site,18-05-2026
Data Analyst,DataWorks,Delhi,1475908,6-10 Years,"Azure, Tableau, SQL, Statistics, Power BI",On-site,04-02-2026
Data Scientist,TechNova,Delhi,3463804,10+ Years,"AWS, Azure, Tableau, Power BI, Excel",Hybrid,24-03-2026
Analytics Engineer,CloudEdge,Pune,3011045,3-5 Years,"AWS, Power BI, Azure",Hybrid,09-03-2026
ML Engineer,AI Labs,Delhi,503019,10+ Years,"SQL, LLM, Machine Learning, Tableau",Hybrid,17-01-2026
Analytics Engineer,InsightIQ,Delhi,1296370,10+ Years,"LLM, Excel, Machine Learning, Statistics",On-site,24-03-2026
Data Analyst,TechNova,Mumbai,3263589,0-2 Years,"Power BI, RAG, SQL",Remote,28-01-2026
AI Engineer,DataWorks,Bangalore,633450,10+ Years,"AWS, LLM, Excel, SQL, Power BI, Python",On-site,19-01-2026
Data Analyst,DataWorks,Chennai,2561104,0-2 Years,"RAG, SQL, Machine Learning, Statistics, Azure, Power BI",On-site,15-01-2026
ML Engineer,AI Labs,Mumbai,670511,0-2 Years,"Python, Tableau, AWS, RAG, SQL",On-site,01-03-2026
ML Engineer,CloudEdge,Hyderabad,1310001,3-5 Years,"AWS, RAG, Statistics, Python",On-site,28-05-2026
Data Scientist,NextGen Analytics,Delhi,3446710,10+ Years,"Power BI, RAG, AWS",Hybrid,10-05-2026
Data Scientist,NextGen Analytics,Hyderabad,2739340,10+ Years,"Machine Learning, AWS, RAG, LLM, Tableau",On-site,21-04-2026
Analytics Engineer,AI Labs,Mumbai,1509663,3-5 Years,"AWS, Excel, Machine Learning, Azure, Tableau, Statistics",Remote,09-01-2026
Data Scientist,InsightIQ,Bangalore,2671011,3-5 Years,"SQL, Excel, Tableau, AWS, Statistics",Hybrid,06-01-2026
Analytics Engineer,QuantSpark,Pune,2822231,3-5 Years,"SQL, Azure, Machine Learning",Remote,05-02-2026
Data Scientist,AI Labs,Mumbai,1547975,3-5 Years,"Excel, Python, Statistics, Tableau, Machine Learning",Remote,25-03-2026
AI Engineer,DataWorks,Delhi,3392371,0-2 Years,"SQL, LLM, Statistics, Python, AWS",Remote,27-03-2026
Data Scientist,QuantSpark,Delhi,2247018,0-2 Years,"RAG, LLM, SQL, Statistics",Remote,20-03-2026
ML Engineer,TechNova,Pune,2764629,3-5 Years,"AWS, Tableau, Power BI, SQL, Machine Learning",On-site,11-04-2026
AI Engineer,QuantSpark,Mumbai,2912793,0-2 Years,"Statistics, Excel, RAG, Power BI",Remote,28-03-2026
Data Analyst,CloudEdge,Mumbai,706825,10+ Years,"Python, Statistics, AWS, LLM, Azure",On-site,03-02-2026
Business Analyst,CloudEdge,Mumbai,1330927,10+ Years,"RAG, LLM, Tableau, AWS, Python, SQL",Hybrid,21-04-2026
Data Scientist,NextGen Analytics,Mumbai,875787,0-2 Years,"Statistics, Machine Learning, LLM, Tableau, Power BI, RAG",On-site,17-06-2026
Data Analyst,QuantSpark,Pune,1209908,6-10 Years,"LLM, Power BI, Azure, SQL, Statistics, Python",Remote,25-06-2026
Data Scientist,DataWorks,Chennai,859931,0-2 Years,"Tableau, LLM, Power BI",Hybrid,04-01-2026
Data Scientist,NextGen Analytics,Bangalore,1779757,10+ Years,"SQL, Machine Learning, Tableau, AWS, Python, Excel",On-site,08-03-2026
ML Engineer,CloudEdge,Mumbai,1092854,0-2 Years,"LLM, AWS, SQL, Excel, Python, RAG",Hybrid,21-02-2026
Analytics Engineer,InsightIQ,Pune,722655,10+ Years,"Python, Statistics, Excel",On-site,18-06-2026
Data Scientist,QuantSpark,Bangalore,580020,6-10 Years,"Tableau, Statistics, AWS, Python, Power BI, RAG",On-site,17-05-2026
Data Analyst,DataWorks,Hyderabad,2599881,10+ Years,"SQL, Tableau, AWS",Hybrid,27-03-2026
AI Engineer,CloudEdge,Chennai,1158527,0-2 Years,"RAG, Machine Learning, LLM, Excel, Python",On-site,12-03-2026
Data Analyst,NextGen Analytics,Pune,2123911,0-2 Years,"Tableau, Power BI, Machine Learning, Statistics, AWS",Remote,23-01-2026
Analytics Engineer,CloudEdge,Mumbai,3343716,3-5 Years,"Tableau, LLM, Power BI, Statistics, AWS, Excel",Hybrid,25-04-2026
ML Engineer,DataWorks,Hyderabad,3236668,3-5 Years,"Power BI, Excel, AWS, RAG",Hybrid,07-02-2026
Analytics Engineer,InsightIQ,Hyderabad,1831675,0-2 Years,"Power BI, Machine Learning, RAG",On-site,08-01-2026
